{
    "CLICK": {
        "menu": {
            "heroscreen_scroll": [0.1401041666667, 0.5731481481481],
            "collection_event": [0.5, 0.63],
            "collection_continue": [0.4953125, 0.9240740740741],
            "collection_two_left": [0.4244791666667, 0.5074074074074],
            "collection_two_right": [0.5807291666667, 0.5092592592593],
            "collection_three_left": [0.3130208333333, 0.5027777777778],
            "collection_three_middle": [0.5015625, 0.5009259259259],
            "collection_three_right": [0.6911458333333, 0.4935185185185]
        },
        "difficulty": {
            "EASY": [0.3255208333333, 0.3814814814815],
            "MEDIUM": [0.5026041666667, 0.3833333333333],
            "HARD": [0.6744791666667, 0.3861111111111]
        },
        "modes": {
            "standard": [0.3276041666667, 0.5564814814815],
            "top_left": [0.5036458333333, 0.4259259259259],
            "top_middle": [0.6651041666667, 0.4425925925926],
            "top_right": [0.8348958333333, 0.4296296296296],
            "bottom_left": [0.503125, 0.7027777777778],
            "bottom_middle": [0.6682291666667, 0.6981481481481],
            "bottom_right": [0.8411458333333, 0.6990740740741]
        },
        "buttons": {
            "hero_window": [0.275, 0.8888888888889],
            "hero_select": [0.5734375, 0.5592592592593],
            "menu_play": [0.5, 0.8657407407407],
            "search_map": [0.0395833333333, 0.1518518518519],
            "search_map_bar": [0.4338541666667, 0.0462962962963],
            "choose_map": [0.2817708333333, 0.3055555555556],
            "save_overwrite": [0.5984375, 0.6842592592593],
            "next_button": [0.5, 0.85],
            "home_button": [0.37, 0.78],
            "home_button2": [0.44, 0.78],
            "defeat_home_button": [0.33, 0.75],
            "defeat_home_button_first_round": [0.38, 0.75],
            "apopalypse_start": [0.5, 0.69],
            "target_leftpanel_leftarrow": [0.044, 0.294],
            "target_leftpanel_rightarrow": [0.185, 0.292],
            "target_rightpanel_leftarrow": [0.680, 0.292],
            "target_rightpanel_rightarrow": [0.822, 0.292]
        },
        "ingame_esc": {
            "dragdrop": [0.4427083333333, 0.2777777777778],
            "nugde": [0.4458333333333, 0.412962962963],
            "autostart": [0.6697916666667, 0.2796296296296]
        },
        "hero_left_menu": {
            "1": [0.0453125, 0.1712962962963],
            "2": [0.0932291666667, 0.1712962962963],
            "3": [0.1432291666667, 0.1712962962963],
            "4": [0.1901041666667, 0.1712962962963],
            "5": [0.0453125, 0.3268518518519],
            "6": [0.0932291666667, 0.3268518518519],
            "7": [0.1432291666667, 0.3268518518519],
            "8": [0.1901041666667, 0.3268518518519],
            "9": [0.0453125, 0.4638888888889],
            "10": [0.0932291666667, 0.4638888888889],
            "11": [0.1432291666667, 0.4638888888889],
            "12": [0.1901041666667, 0.4638888888889],
            "13": [0.0453125, 0.6101851851852],
            "14": [0.0932291666667, 0.6101851851852],
            "15": [0.1432291666667, 0.6101851851852],
            "16": [0.1901041666667, 0.6101851851852]
        },
        "hero_right_menu": {
            "1": [0.6817708333333, 0.175],
            "2": [0.7307291666667, 0.175],
            "3": [0.7786458333333, 0.175],
            "4": [0.8255208333333, 0.175],
            "5": [0.6817708333333, 0.325],
            "6": [0.7307291666667, 0.325],
            "7": [0.7786458333333, 0.325],
            "8": [0.8255208333333, 0.325],
            "9": [0.6817708333333, 0.4657407407407],
            "10": [0.7307291666667, 0.4657407407407],
            "11": [0.7786458333333, 0.4657407407407],
            "12": [0.8255208333333, 0.4657407407407],
            "13": [0.6817708333333, 0.6083333333333],
            "14": [0.7307291666667, 0.6083333333333],
            "15": [0.7786458333333, 0.6083333333333],
            "16": [0.8255208333333, 0.6083333333333]
        },  
        "heroes": {
            "quincy": [0.0552083333333, 0.2018518518519],
            "gwen": [0.1338541666667, 0.2111111111111],
            "striker": [0.2192708333333, 0.2064814814815],
            "obyn": [0.0567708333333, 0.3777777777778],
            "rosalia": [0.134375, 0.387962962963],
            "churchill": [0.2171875, 0.3916666666667],
            "benjamin": [0.0572916666667, 0.5648148148148],
            "pat": [0.1401041666667, 0.5731481481481],
            "ezili": [0.2130208333333, 0.5787037037037],
            "adora": [0.0567708333333, 0.7546296296296],
            "etienne": [0.1354166666667, 0.75],
            "sauda": [0.2161458333333, 0.7453703703704],
            "brickell": [0.0526041666667, 0.9157407407407],
            "psi": [0.1307291666667, 0.9203703703704],
            "geraldo": [0.2104166666667, 0.9148148148148]
        },
        "heroes2": {
            "corvus": [0.0541666666667, 0.835185185185266667]
        }
    },
    "TEXT": {
        "message": {
            "menu_playtext": [0.4560416666667, 0.932962962963, 0.55875, 0.9914814814815],
            "map_searchtext": [0.4140625, 0.0203703703704, 0.4651041666667, 0.0537037037037],
            "current_round": [0.7181666666667, 0.027001, 0.8119791666667, 0.0685185185185],
            "upgrade_text": [0.875, 0.0175925925926, 0.9682291666667, 0.0638888888889],
            "next_text": [0.4364583333333, 0.8046296296296, 0.5526041666667, 0.8740740740741],
            "level_up": [0.4270833333333, 0.4907407407407, 0.5708333333333, 0.5648148148148],
            "defeat": [0.446875, 0.5361111111111, 0.5635416666667, 0.5712962962963],
            "collection_collect": [0.43, 0.59, 0.534375, 0.6453703703704]
        },    
        "verify": {
            "top_upg_current_leftwindow": [0.0333333333333, 0.3696296296296, 0.121875, 0.462037037037],
            "top_upg_current_rightwindow": [0.6777083333333, 0.3696296296296, 0.7661458333333, 0.462037037037],
            "mid_upg_current_leftwindow": [0.0333333333333, 0.5122222222222, 0.121875, 0.5861111111111],
            "mid_upg_current_rightwindow": [0.6777083333333, 0.5122222222222, 0.7661458333333, 0.5861111111111],
            "bot_upg_current_leftwindow": [0.0333333333333, 0.6492592592593, 0.121875, 0.7231481481481],
            "bot_upg_current_rightwindow": [0.6777083333333, 0.6492592592593, 0.7661458333333, 0.7231481481481],
            "right_panel_sell_location": [0.7808333333333, 0.8148148148148, 0.8380208333333, 0.8703703703704],
            "left_panel_sell_location": [0.141083333333, 0.808148148148, 0.1984375, 0.8638888888889]
        }
    }
}